IP Address,Request Count,Endpoint,Suspicious Activity
192.168.1.1,7,,
203.0.113.5,8,,
10.0.0.2,6,,
198.51.100.23,8,,
192.168.1.100,5,,
,,,Suspicious Activity: IP 203.0.113.5 has 4 failed login attempts.
,,,Suspicious Activity: IP 203.0.113.5 has 5 failed login attempts.
,,,Suspicious Activity: IP 203.0.113.5 has 6 failed login attempts.
,,,Suspicious Activity: IP 192.168.1.100 has 4 failed login attempts.
,,,Suspicious Activity: IP 203.0.113.5 has 7 failed login attempts.
,,,Suspicious Activity: IP 203.0.113.5 has 8 failed login attempts.
,,,Suspicious Activity: IP 192.168.1.100 has 5 failed login attempts.
